non_empty_lines,average_line_length,line_length_deviation,words,unique_words,chars,tabulators,spaces,tab_indents,space_indents,whitespace_to_character_ratio,comments,comment_readability,one_line_to_all_comments,multi_line_to_all_comments,inline_to_all_comments,using_stl_libraries,all_keywords,if_keywords,else_keywords,for_keywords,while_keywords,switch_keywords,do_keywords,functions,function_name_readability,function_average_length,function_length_deviation,function_block_braces,nesting_depth,average_parameter_count,parameter_count_deviation,commands,average_commands_per_line,ternary_operations,negation_operator,uses_united_declarations,uses_range_based_for,author
1,16.54166667,9.39673913,92,47,397,0,69,0,0.739130435,0.173803526,2,0.625,1,0,0,0,3,1,0,2,0,0,0,0,0,0,0,3,3,0,0,15,0.652173913,0,0,1,0,alpc104
1,15.55357143,9.013311688,208,60,871,0,171,0,0.75,0.196326062,0,0,0,0,0,0,12,6,1,5,0,0,0,3,0.666666667,10.66666667,4.444444444,1,4,1.666666667,0.444444444,42,0.807692308,0,0,1,0,alpc104
1,13.31818182,11.00105708,136,32,586,0,339,0,0.906976744,0.578498294,2,0.857142857,1,0,0,0,18,12,3,2,0,1,0,0,0,0,0,3,3,0,0,28,0.651162791,0,0,1,0,alpc104
1,14.77966102,10.48217417,191,52,872,0,220,0,0.903846154,0.252293578,43,0.869565217,0.069767442,0.906976744,0.023255814,1,15,6,2,5,1,0,1,2,0,12.5,1.5,1,4,0,0,41,0.788461538,0,0,1,0,alpc104
1,14,9.931034483,97,32,420,0,99,0,0.814814815,0.235714286,0,0,0,0,0,1,4,1,0,3,0,0,0,0,0,0,0,3,2,0,0,22,0.814814815,0,0,1,0,alpc104
1,15.95,11.73717949,140,37,638,0,162,0,0.888888889,0.253918495,0,0,0,0,0,0,7,2,0,5,0,0,0,0,0,0,0,3,6,0,0,30,0.833333333,1,0,1,0,alpc104
1,15.70175439,11.82424812,242,46,895,0,300,0,0.826923077,0.335195531,0,0,0,0,0,0,14,2,0,12,0,0,0,1,1,13,0,1,4,0,0,48,0.923076923,1,0,1,0,alpc104
1,12.15,8.760169492,156,59,729,0,198,0,0.763636364,0.271604938,0,0,0,0,0,1,9,2,0,5,2,0,0,2,0.5,14,2,1,3,0.5,0.5,40,0.727272727,1,0,1,0,alpc104
1,13.57575758,9.570075758,103,34,448,0,102,0,0.8,0.227678571,0,0,0,0,0,1,4,0,0,4,0,0,0,1,0,3,0,1,3,2,0,24,0.8,1,0,1,0,alpc104
