non_empty_lines,average_line_length,line_length_deviation,words,unique_words,chars,tabulators,spaces,tab_indents,space_indents,whitespace_to_character_ratio,comments,comment_readability,one_line_to_all_comments,multi_line_to_all_comments,inline_to_all_comments,using_stl_libraries,all_keywords,if_keywords,else_keywords,for_keywords,while_keywords,switch_keywords,do_keywords,functions,function_name_readability,function_average_length,function_length_deviation,function_block_braces,nesting_depth,average_parameter_count,parameter_count_deviation,commands,average_commands_per_line,ternary_operations,negation_operator,uses_united_declarations,uses_range_based_for,author
1,13.94845361,12.76396048,277,78,1353,0,499,0,0.817073171,0.368810052,11,0.846153846,0,1,0,1,11,5,2,4,0,0,0,3,1,20,24,1,6,2,0.666666667,49,0.597560976,0,0,1,0,amylase
1,14.29113924,8.158390133,214,80,1129,0,181,0,0.338235294,0.160318866,0,0,0,0,0,1,2,0,0,2,0,0,0,2,1,5,4,1,6,1.5,0.5,51,0.75,0,0,0,0,amylase
1,14.52307692,11.52403846,184,71,944,0,222,0,0.648148148,0.235169492,0,0,0,0,0,1,5,1,0,4,0,0,0,3,1,9.333333333,8.444444444,1,6,1.333333333,0.444444444,35,0.648148148,0,0,1,0,amylase
1,12.25333333,9.484864865,179,63,919,0,330,0,0.712121212,0.359085963,0,0,0,0,0,1,16,7,7,2,0,0,0,2,1,19.5,18.5,1,6,1.5,0.5,34,0.515151515,0,0,1,0,amylase
1,15.41176471,13.83750728,296,78,1572,0,380,0,0.913580247,0.24173028,1,1,1,0,0,1,13,5,3,2,3,0,0,2,1,33,32,1,6,1.5,0.5,48,0.592592593,0,1,1,0,amylase
1,14.29850746,12.31252827,187,65,958,0,242,0,0.735849057,0.252609603,1,1,1,0,0,1,6,1,0,5,0,0,0,2,1,15,14,1,6,1.5,0.5,38,0.716981132,0,0,1,0,amylase
1,12.70886076,11.18257059,194,70,1004,0,303,0,0.796875,0.301792829,0,0,0,0,0,1,6,1,1,3,1,0,0,2,1,21.5,20.5,1,6,1.5,0.5,38,0.59375,0,0,1,0,amylase
1,14.88372093,11.69435216,114,53,640,0,100,0,0.454545455,0.15625,0,0,0,0,0,1,2,0,0,2,0,0,0,2,1,3.5,2.5,1,6,1.5,0.5,18,0.545454545,0,0,0,0,amylase
1,17.74782609,15.48726163,405,93,2041,0,585,0,0.924731183,0.286624204,4,1,1,0,0,1,19,14,1,2,2,0,0,2,1,38.5,37.5,1,6,1.5,0.5,63,0.677419355,0,2,1,0,amylase
